{
  "date": "2026-01-19",
  "fetched_at": "2026-01-19T09:00:00Z",
  "totals": {
    "repositories": 3,
    "commits": 42,
    "prs_opened": 8,
    "prs_merged": 5,
    "issues_opened": 12,
    "issues_closed": 9,
    "total_stars": 156,
    "total_contributors": 7
  },
  "active_repos": [
    "your-username/project-alpha",
    "your-org/frontend-app"
  ],
  "repositories": [
    {
      "name": "your-username/project-alpha",
      "url": "https://github.com/your-username/project-alpha",
      "description": "Main project repository",
      "activity": {
        "commits": 28,
        "prs_opened": 5,
        "prs_merged": 3,
        "issues_opened": 7,
        "issues_closed": 5
      },
      "state": {
        "stars": 89,
        "forks": 12,
        "open_issues": 8,
        "open_prs": 2,
        "contributors": 4
      },
      "authors": ["alice", "bob", "charlie"]
    },
    {
      "name": "your-org/frontend-app",
      "url": "https://github.com/your-org/frontend-app",
      "description": "Frontend application",
      "activity": {
        "commits": 14,
        "prs_opened": 3,
        "prs_merged": 2,
        "issues_opened": 5,
        "issues_closed": 4
      },
      "state": {
        "stars": 45,
        "forks": 8,
        "open_issues": 3,
        "open_prs": 1,
        "contributors": 3
      },
      "authors": ["alice", "diana"]
    },
    {
      "name": "your-org/api-gateway",
      "url": "https://github.com/your-org/api-gateway",
      "description": "API gateway service",
      "activity": {
        "commits": 0,
        "prs_opened": 0,
        "prs_merged": 0,
        "issues_opened": 0,
        "issues_closed": 0
      },
      "state": {
        "stars": 22,
        "forks": 3,
        "open_issues": 2,
        "open_prs": 0,
        "contributors": 2
      },
      "authors": []
    }
  ]
}
